ano,uf,consumo_energia,soma_produto_interno_bruto,soma_produto_interno_bruto_per_capita
2004,AC,831591.17,3784001.0,97092.33
2004,AL,6780980.0,14044904.0,368437.32000000007
2004,AM,7050219.15,31090695.0,186834.88
2004,AP,1002868.0,3824739.0,86306.93
2004,BA,33306181.23,77931719.0,1629833.8300000003
2004,CE,12656679.76,36890815.0,503771.3800000001
2004,DF,7428458.77,67076505.0,29393.1
2004,ES,12716399.28,39732641.0,588887.0700000001
2004,GO,15950555.38,51103822.0,2185011.5600000005
2004,MA,14812968.25,22127135.0,547543.2599999999
2004,MG,78082241.91,171870931.0,5152532.170000004
2004,MS,6280298.1008,23372310.0,904145.9
2004,MT,7936891.72,33388672.0,1817945.4400000009
2004,PA,21386195.41,37272723.0,607700.24
2004,PB,5731509.83,15757830.0,659110.0400000004
2004,PE,15557614.8098,44982683.0,592404.4699999999
2004,PI,3012785.4,9406460.0,484151.36
2004,PR,37407902.4,123451534.0,3747938.36
2004,RJ,56798494.82,241206741.0,1523655.0800000003
2004,RN,6258529.6,17252397.0,696972.2
2004,RO,2689816.6,11004643.0,304960.65999999986
2004,RR,739774.8200000001,2822758.0,80003.47
2004,RS,41657223.71,131192202.0,5341877.350000003
2004,SC,28507344.88,73618967.0,3098699.180000001
2004,SE,4377030.14,13336259.0,451263.3900000001
2004,SP,184172183.859,652955566.0,6833158.390000007
2004,TO,1765399.12,7251578.0,687327.5199999998
2005,AC,914757.04,4300582.0,104963.18
2005,AL,7241045.94,15484518.0,410067.56
2005,AM,7489263.1,33980877.0,204335.35
2005,AP,1127817.0,4306409.0,97365.08
2005,BA,34178934.54,88291877.0,1765748.7299999993
2005,CE,13328084.28,41059464.0,549465.7499999999
2005,DF,7906232.47,75732681.0,32460.0
2005,ES,13014843.19,47020584.0,734275.6600000001
2005,GO,16424253.922,53865120.0,2126216.15
2005,MA,12349869.05,25104214.0,587280.1
2005,MG,67729738.08,188364428.0,5637925.950000001
2005,MS,6250061.2489,23725258.0,893238.28
2005,MT,8330533.79,34257050.0,1817238.5
2005,PA,19170784.38,40522896.0,661690.2
2005,PB,5806468.18,17557239.0,738657.1899999997
2005,PE,16547576.8898,50240325.0,662626.5099999997
2005,PI,3209204.0,10711833.0,525007.76
2005,PR,38304063.74,127464516.0,3686121.679999997
2005,RJ,59126050.6,269830066.0,1677937.7599999998
2005,RN,6717141.36,19966918.0,799125.1399999999
2005,RO,2878652.0,12511820.0,344950.0400000001
2005,RR,759113.78,3193432.0,87989.08000000002
2005,RS,42587639.49,136362779.0,4789611.519999996
2005,SC,29098439.5,81549236.0,3293114.990000001
2005,SE,4596600.6,14430117.0,487582.6800000001
2005,SP,183448397.33,743042946.0,7543530.339999999
2005,TO,1863889.14,7707343.0,690769.4699999995
2006,AC,1009533.6,4661806.0,111394.29
2006,AL,6888176.6,17395671.0,445735.6099999999
2006,AM,7848890.46,39933214.0,238243.2
2006,AP,1201742.5,5280824.0,109312.73
2006,BA,34744500.14,95347798.0,1902687.7300000011
2006,CE,13283575.32,46500321.0,627541.07
2006,DF,8299049.85,84661406.0,35515.55
2006,ES,12608814.2,53463871.0,790875.3099999999
2006,GO,15967045.01,61375409.0,2236360.8000000003
2006,MA,13333080.22,29710646.0,645110.6900000001
2006,MG,67117444.88,212659551.0,6254517.970000002
2006,MS,6264925.9290000005,26667893.0,942933.34
2006,MT,8384176.08,30700168.0,1404674.3499999994
2006,PA,19956642.15,45983028.0,719925.5099999995
2006,PB,6065224.55,20838014.0,851162.0600000002
2006,PE,16837008.1301,55485296.0,743892.4400000002
2006,PI,3294251.0,13360477.0,594847.12
2006,PR,39339137.61,137648307.0,3796494.990000002
2006,RJ,58682943.33,299738178.0,1883359.01
2006,RN,6948799.11,22890129.0,895130.7699999997
2006,RO,3047808.0,13054717.0,352791.25
2006,RR,763861.58,3802452.0,97359.47000000004
2006,RS,42885783.36,147622599.0,5627140.569999998
2006,SC,29087614.7402,91063451.0,3557541.2699999986
2006,SE,4576369.07,16419800.0,573614.8799999999
2006,SP,188380561.79,824529297.0,8539865.080000008
2006,TO,1928610.31,8655612.0,739328.6800000002
2007,AC,1082636.0,5458172.0,129642.25
2007,AL,7302343.0,19871270.0,487881.08
2007,AM,8271312.0,43479774.0,259591.97000000003
2007,AP,1251844.0,6012522.0,134338.19
2007,BA,36842164.0,109329529.0,2185587.26
2007,CE,13818031.0,50818757.0,667893.9200000004
2007,DF,8925763.0,93404001.0,38032.45
2007,ES,13354331.0,60658397.0,996898.98
2007,GO,17300999.0,71410569.0,2792519.2100000004
2007,MA,14348185.0,30730865.0,697983.41
2007,MG,71966478.0,240355233.0,6769227.209999997
2007,MS,6568208.0,30084766.0,1023365.64
2007,MT,9132406.0,38027577.0,1690372.1999999995
2007,PA,21251776.0,51846874.0,765867.5800000007
2007,PB,6262220.0,22909807.0,889258.6499999996
2007,PE,17768345.0,62459325.0,818547.3499999997
2007,PI,3480252.0,13736088.0,654359.3500000008
2007,PR,41332128.0,165208891.0,4531040.539999999
2007,RJ,59557254.0,323698284.0,1996452.76
2007,RN,7312317.0,26318261.0,984947.31
2007,RO,3267610.0,14438378.0,421969.2700000001
2007,RR,850588.0,4203303.0,111115.25
2007,RS,44541417.0,168009754.0,6710731.700000004
2007,SC,30735104.0,103728095.0,4071117.420000003
2007,SE,4585742.0,18218448.0,625124.9800000001
2007,SP,197250910.0,935653183.0,9673737.150000008
2007,TO,2111116.0,10192840.0,912814.4099999996
2008,AC,1165206.0,6410256.0,145914.47999999998
2008,AL,7627374.0,22262296.0,540188.5200000001
2008,AM,8711926.0,48115262.0,282418.22
2008,AP,1334886.0,6950413.0,143337.85
2008,BA,39523528.0,121667451.0,2344624.4
2008,CE,14570662.0,60415575.0,789739.7600000004
2008,DF,9476022.0,110299557.0,43133.65
2008,ES,13730630.0,72091161.0,1178290.8199999998
2008,GO,18682223.0,82417571.0,3088209.850000001
2008,MA,14729837.88,37932400.0,912287.3600000002
2008,MG,72801738.0,278607621.0,7572736.180000006
2008,MS,6778345.0,36219258.0,1234405.8299999998
2008,MT,9976983.0,49202503.0,2224716.4499999997
2008,PA,22149660.0,60956984.0,847876.6900000002
2008,PB,6692635.0,26889570.0,1020125.14
2008,PE,19069837.0,70413939.0,903431.52
2008,PI,3686030.0,16203336.0,796013.7399999999
2008,PR,43727652.0,185683865.0,5159050.01
2008,RJ,60631473.0,378285801.0,2395218.6299999994
2008,RN,7809599.0,28898860.0,1044876.5699999998
2008,RO,3499704.0,17285543.0,503313.07
2008,RR,899996.0,4841864.0,122821.08999999998
2008,RS,46405395.0,190229820.0,7539889.160000002
2008,SC,32244517.0,121477256.0,4710363.83
2008,SE,4912801.0,21418376.0,762086.9999999998
2008,SP,204571291.0,1042510170.0,9982313.569999993
2008,TO,2272514.0,12116395.0,1065599.9499999995
2009,AC,1240248.0,7407821.0,160315.14999999997
2009,AL,7400929.0,24182389.0,560485.6199999999
2009,AM,8723512.0,50559841.0,292883.01
2009,AP,1416514.0,7490654.0,148793.28
2009,BA,39096117.0,137942482.0,2537725.4700000016
2009,CE,15200897.0,67199960.0,838029.5199999994
2009,DF,10284212.0,124323753.0,47690.54
2009,ES,13234423.0,69215362.0,1103760.3500000003
2009,GO,19290702.8,92865740.0,3484540.030000001
2009,MA,14597131.0,40994571.0,963109.6600000004
2009,MG,69292013.0,287443855.0,7647811.840000004
2009,MS,7189917.0,39517745.0,1307108.2399999995
2009,MT,10524639.7,52693413.0,2291855.99
2009,PA,21863388.0,61665093.0,853747.3000000002
2009,PB,6885446.0,30230409.0,1124475.4200000002
2009,PE,19860732.0,79760953.0,1016095.1000000004
2009,PI,3806453.0,18946445.0,897215.2599999994
2009,PR,44653129.0,196675610.0,5219985.819999997
2009,RJ,60930471.7,391650859.0,2153450.87
2009,RN,8211407.0,30941054.0,1050914.7799999998
2009,RO,3827510.0,19725009.0,541883.08
2009,RR,982506.0,5671975.0,136945.46
2009,RS,46053526.0,204344950.0,7821645.410000004
2009,SC,32212463.0,129098538.0,5008338.79
2009,SE,5237700.0,21707244.0,727173.2800000001
2009,SP,205145996.0,1127093821.0,11237528.090000004
2009,TO,2438916.0,13689810.0,1217975.2800000005
2010,AC,1343916.72,8342356.0,183570.99
2010,AL,7861050.0,27133035.0,610030.89
2010,AM,9630478.0,60877125.0,358896.8399999999
2010,AP,1571748.0,8237794.0,162177.90000000002
2010,BA,41588384.0,154419544.0,2914807.9600000023
2010,CE,17020873.0,79336306.0,990756.8799999997
2010,DF,10987269.0,144174102.0,56252.9
2010,ES,15022602.0,85310281.0,1505207.64
2010,GO,20542316.0,106770107.0,3913607.6200000006
2010,MA,16129995.0,46309630.0,986381.6900000002
2010,MG,76288809.0,351123420.0,9610649.31
2010,MS,7668058.0,47270652.0,1553416.7999999998
2010,MT,10894405.0,56600957.0,2308241.1699999985
2010,PA,23601062.0,82684518.0,1103393.7600000002
2010,PB,7764173.0,33522490.0,1241073.8199999994
2010,PE,21198030.0,97189752.0,1222282.88
2010,PI,4451328.0,22269147.0,1015584.1700000004
2010,PR,47401919.0,225205247.0,6015933.23
2010,RJ,64343635.0,449858101.0,2562101.2499999986
2010,RN,8365333.0,36184501.0,1208142.11
2010,RO,4369162.0,23907884.0,616767.2900000002
2010,RR,1085392.0,6639150.0,143732.65
2010,RS,49068284.71,241249165.0,9459951.88
2010,SC,33561393.34,153726009.0,5742000.229999996
2010,SE,5568317.65,26404894.0,828733.2800000004
2010,SP,215849387.6,1294695991.0,12514360.909999996
2010,TO,2843318.0,16404814.0,1304745.6000000008
2011,AC,1455743.72,8949433.0,194469.08
2011,AL,7661087.0,31657324.0,707562.51
2011,AM,10170704.0,70734402.0,486962.32000000007
2011,AP,1650144.0,9409226.0,186025.97
2011,BA,40866720.0,166602807.0,3165828.470000003
2011,CE,17066068.0,89695826.0,1145327.58
2011,DF,11389702.0,154568954.0,59221.87
2011,ES,15548882.0,105976223.0,2182512.27
2011,GO,21548406.0,121296722.0,4380984.899999999
2011,MA,16836641.0,52143528.0,1148583.3000000005
2011,MG,79706013.0,400124688.0,11471096.930000002
2011,MS,8208407.0,55133157.0,1738507.67
2011,MT,11487557.0,69153952.0,3028932.71
2011,PA,24441620.0,98710733.0,1290194.6
2011,PB,7944633.0,37109139.0,1377719.7699999989
2011,PE,21719122.0,110161562.0,1363686.0299999998
2011,PI,4785110.0,25941369.0,1215455.8500000006
2011,PR,49589368.0,257122268.0,7010963.790000001
2011,RJ,67155491.0,512767901.0,2925668.7399999998
2011,RN,8523642.0,40992928.0,1391451.329999999
2011,RO,4755694.0,27574713.0,685955.1299999999
2011,RR,1173998.0,7303718.0,162144.56000000003
2011,RS,51323365.0,265056420.0,10458315.899999993
2011,SC,36366192.0,174068321.0,6511671.099999998
2011,SE,5869760.0,29108273.0,890331.2600000005
2011,SP,223147688.0,1436672706.0,13656622.33
2011,TO,2975645.0,18345684.0,1496500.2300000004
2012,AC,1642075.43,10137925.0,214874.25000000003
2012,AL,8789202.0,34650396.0,756416.4399999998
2012,AM,11192652.0,72242703.0,507820.62999999983
2012,AP,1763872.0,11130869.0,208945.27
2012,BA,41348258.0,182572537.0,3535681.68
2012,CE,18896588.0,96973750.0,1165573.1600000004
2012,DF,11848965.0,164101336.0,61959.36
2012,ES,16181032.0,116850585.0,2536474.6100000003
2012,GO,23614504.0,138757833.0,4958674.179999998
2012,MA,16475678.0,60490110.0,1310336.1400000008
2012,MG,79884409.0,442282828.0,12647683.85999998
2012,MS,8915789.0,62013199.0,1907580.6500000008
2012,MT,12416717.0,79665685.0,3570787.5300000003
2012,PA,22970475.0,107080878.0,1358507.4599999995
2012,PB,8500621.0,42488343.0,1505996.6900000002
2012,PE,22107146.0,127989042.0,1529294.4700000004
2012,PI,5468624.0,28637680.0,1320612.869999999
2012,PR,51639707.4,285620201.0,7820928.770000003
2012,RJ,68580353.0,574884973.0,3232595.8999999994
2012,RN,9043255.0,46450299.0,1562594.2099999993
2012,RO,5652296.0,30112721.0,772208.0499999999
2012,RR,1323850.0,7711468.0,169613.99000000002
2012,RS,51815476.0,287587015.0,10589558.13
2012,SC,38122350.0,191794656.0,7041678.33
2012,SE,6093715.0,32853181.0,984067.7299999996
2012,SP,228155901.0,1559033441.0,14961737.360000003
2012,TO,3181397.0,20684430.0,1660746.8999999997
2013,AC,1677801.26,11473929.0,251921.53
2013,AL,9378020.0,37282529.0,808977.0700000001
2013,AM,11932446.0,83051228.0,556469.4800000001
2013,AP,1921792.0,12763485.0,239165.26
2013,BA,43754524.0,204844273.0,3675788.550000001
2013,CE,20281854.0,109036561.0,1316954.1800000006
2013,DF,12498626.0,175906726.0,63054.41
2013,ES,16989662.0,117274345.0,2377589.49
2013,GO,24720454.0,151300180.0,5292215.730000004
2013,MA,16214829.0,67694839.0,1577189.67
2013,MG,81462863.0,488004902.0,13048312.70999998
2013,MS,9505194.0,69203202.0,2169883.41
2013,MT,13622721.0,89212915.0,3836410.950000002
2013,PA,23814703.0,121224851.0,1605849.3600000008
2013,PB,9027968.0,46377285.0,1661999.2100000004
2013,PE,23846822.0,141150250.0,1611510.0300000005
2013,PI,5699315.0,31283598.0,1391441.3299999994
2013,PR,52591647.0,333481153.0,9211801.069999998
2013,RJ,70962150.0,628226073.0,3377540.010000001
2013,RN,9638791.0,51518454.0,1634592.1900000004
2013,RO,5754999.0,31121412.0,759418.2599999999
2013,RR,1410234.0,9010725.0,199177.62
2013,RS,52558828.0,332292721.0,13340172.179999994
2013,SC,39125065.0,214512250.0,7968345.540000001
2013,SE,6413015.0,35335989.0,997598.1999999998
2013,SP,231494377.0,1715238415.0,16013505.649999993
2013,TO,3583519.0,23796659.0,1869089.6200000008
2014,AC,1761887.0,13458696.0,276941.99000000005
2014,AL,9691151.0,40974993.0,876931.2599999999
2014,AM,12550450.0,86668642.0,583813.7400000001
2014,AP,2029242.0,13400286.0,236234.26
2014,BA,46231717.0,223929965.0,4004883.1699999976
2014,CE,21438156.0,126054461.0,1569574.4399999997
2014,DF,12937834.0,197432059.0,69216.8
2014,ES,17773743.0,128783779.0,2611794.4600000004
2014,GO,25908290.0,165015307.0,5477802.579999999
2014,MA,14290576.0,76842026.0,1695148.7999999996
2014,MG,83200529.0,516633991.0,13814537.390000008
2014,MS,10089983.0,78950135.0,2414152.5
2014,MT,14705847.0,101234522.0,4204643.499999999
2014,PA,26070149.0,124584945.0,1641611.0099999998
2014,PB,9517623.88,52936479.0,1847116.340000001
2014,PE,24909275.01,155142644.0,1794338.2799999998
2014,PI,6090833.0,37723502.0,1685849.6
2014,PR,55438173.0,348084197.0,9550102.060000012
2014,RJ,74245268.0,671076847.0,3522474.7500000005
2014,RN,10086560.0,54022583.0,1782312.8099999994
2014,RO,6026304.0,34030982.0,824587.21
2014,RR,1603328.0,9744122.0,203559.33
2014,RS,55844527.0,357816431.0,14055025.929999998
2014,SC,41729392.0,242553374.0,8285854.630000002
2014,SE,6574483.0,37472428.0,1044300.78
2014,SP,234396691.0,1858196059.0,17898190.580000002
2014,TO,3845260.0,26189323.0,2032375.15
2015,AC,1935515.0,13622803.0,283534.1099999999
2015,AL,9534015.0,46367211.0,983032.39
2015,AM,12714432.0,86568185.0,599605.13
2015,AP,2111442.0,13861293.0,256628.44000000003
2015,BA,45347922.19,245043688.0,4473138.819999998
2015,CE,21425811.0,130629849.0,1627304.9299999997
2015,DF,12734444.0,215612863.0,73970.99
2015,ES,18053697.0,120365980.0,2152949.8200000008
2015,GO,26863984.53,173632448.0,5886783.449999996
2015,MA,12880676.0,78475993.0,1778050.6499999997
2015,MG,81271618.09,519331213.0,14010636.770000009
2015,MS,10091452.0,83082560.0,2566843.1500000004
2015,MT,14990451.0,107418326.0,4400180.400000001
2015,PA,27643687.78,130899505.0,1802236.460000001
2015,PB,9524969.0,56141893.0,1983125.8
2015,PE,25622646.53,156963672.0,1880099.67
2015,PI,6525954.0,39149681.0,1800468.2800000005
2015,PR,54723517.65,376962826.0,10392734.030000005
2015,RJ,74483472.24,659138952.0,3143129.049999999
2015,RN,10189229.0,57250865.0,1896726.47
2015,RO,6038409.0,36563334.0,875968.8699999998
2015,RR,1766062.98,10242903.0,220620.14
2015,RS,53120078.64,381992590.0,15374665.400000004
2015,SC,40489728.0,249079644.0,8450617.190000003
2015,SE,6582782.0,38556529.0,1019044.1299999997
2015,SP,225098248.12,1939901904.0,19277320.710000005
2015,TO,4095173.0,28930288.0,2160265.43
2016,AC,2008408.0,13754242.0,301327.03
2016,AL,9439313.0,49468745.0,1141274.86
2016,AM,11777584.0,89039782.0,599216.2099999997
2016,AP,2228792.0,14342136.0,269291.58
2016,BA,44685182.24,258738968.0,4645335.590000001
2016,CE,22090810.0,138422523.0,1741544.8799999994
2016,DF,12559250.0,235540045.0,79114.19
2016,ES,16497326.0,109264420.0,1655566.2899999998
2016,GO,26712746.07,181759608.0,6501036.880000004
2016,MA,12845969.0,85310044.0,1901887.04
2016,MG,81852264.0,544810475.0,15362194.090000004
2016,MS,9799710.0,91892284.0,2924092.74
2016,MT,14732465.0,123880298.0,5129901.609999999
2016,PA,28351129.2,138107518.0,1935532.06
2016,PB,9408731.0,59104784.0,2116580.630000001
2016,PE,25502426.08,167345029.0,2059097.840000001
2016,PI,6716153.0,41416948.0,1827560.0199999984
2016,PR,52656045.24,401814167.0,11643442.620000005
2016,RJ,71750500.94,640401206.0,2847608.57
2016,RN,10344062.0,59677383.0,2009952.9799999995
2016,RO,5845386.0,39460358.0,954673.02
2016,RR,1830200.0,11013236.0,236971.49
2016,RS,52894276.01,408789531.0,16809286.419999998
2016,SC,39766034.0,256754675.0,9042051.230000002
2016,SE,6506428.0,38877436.0,966185.08
2016,SP,216298124.0,2038757392.0,19945506.820000008
2016,TO,4292164.0,31584812.0,2290343.1899999995
2017,AC,2113057.0,14272939.0,307036.71
2017,AL,9330774.0,52851065.0,1298814.5900000003
2017,AM,10552201.0,93240190.0,625622.2100000003
2017,AP,2146190.0,15481909.0,296958.98
2017,BA,44273230.93,268724092.0,4720345.069999997
2017,CE,20931328.3,147921537.0,1960410.750000001
2017,DF,11914961.0,244722249.0,80515.47
2017,ES,15993034.0,113399936.0,1847768.9100000008
2017,GO,26217813.27,191948306.0,6734535.120000004
2017,MA,12790694.0,89542756.0,2065963.64
2017,MG,81074802.02,576375558.0,16058129.659999998
2017,MS,10132499.0,96396428.0,2977894.12
2017,MT,15563356.0,126845895.0,5090570.950000002
2017,PA,28184990.0,155232405.0,2262534.3
2017,PB,9360222.0,62396770.0,2233950.2
2017,PE,25091220.13,181609501.0,2251768.279999999
2017,PI,6897211.0,45365544.0,2235178.67
2017,PR,51245577.47,421497864.0,12085281.710000005
2017,RJ,68091305.23,671605668.0,3011027.8900000006
2017,RN,10280195.0,64305992.0,2304978.2700000005
2017,RO,5999099.0,43516144.0,1052824.05
2017,RR,1835626.0,12104706.0,255337.75
2017,RS,52090799.2,423270044.0,16846227.85000002
2017,SC,40185350.0,277270232.0,9455073.02
2017,SE,6275968.0,40711485.0,1032647.37
2017,SP,214349572.0,2120761648.0,21173659.20999998
2017,TO,4312188.0,34108132.0,2512899.0600000005
2018,AC,1921530.08,15331124.0,304631.30999999994
2018,AL,7924962.22,54413051.0,1368309.789999999
2018,AM,10530025.32,100109232.0,681536.43
2018,AP,2107356.43,16795207.0,300748.36
2018,BA,41699433.33,286239537.0,5321390.119999999
2018,CE,20842490.72,155903825.0,2011041.96
2018,DF,11805562.28,254817205.0,85661.39
2018,ES,16507286.0,137020055.0,2337565.2600000007
2018,GO,27147207.0,195681726.0,6952070.119999998
2018,MA,12946613.03,98179501.0,2219525.960000002
2018,MG,83553533.261,614875822.0,17054184.51999999
2018,MS,10394088.681,106969143.0,3374706.059999999
2018,MT,15975291.64,137442863.0,5391818.490000003
2018,PA,25685569.99,161349601.0,2434374.34
2018,PB,9634295.73,64373599.0,2355451.21
2018,PE,25003579.25,186351982.0,2334853.6200000006
2018,PI,6730408.85,50378414.0,2501504.64
2018,PR,52200738.079,440029414.0,12867013.869999992
2018,RJ,68524368.14,758859047.0,3442166.6899999995
2018,RN,10359341.0,66969551.0,2472830.480000002
2018,RO,6125804.03,44913978.0,1165079.81
2018,RR,1890876.93,13369988.0,257881.44999999995
2018,RS,52875948.79,457293960.0,18778602.24000002
2018,SC,40948475.22,298227085.0,9905165.090000004
2018,SE,6446245.66,42017982.0,1039644.36
2018,SP,217030023.8,2210561953.0,21205354.56000001
2018,TO,4404286.78,35666181.0,2636378.9799999995
2019,AC,2122438.94,15630018.0,303250.33
2019,AL,7336469.9,58963730.0,1484779.7
2019,AM,10769605.0,108181093.0,722311.0299999997
2019,AP,2148411.48,17496662.0,301889.47000000003
2019,BA,43170147.71,293240507.0,5504612.260000005
2019,CE,22211065.59,163575327.0,2137544.840000001
2019,DF,11880441.0,273613711.0,90742.75
2019,ES,17159552.71,137345595.0,2301379.889999999
2019,GO,27864099.36,208672492.0,7393188.819999999
2019,MA,13457658.94,97339951.0,2229023.709999999
2019,MG,83258183.02,651872700.0,18254219.09999997
2019,MS,11026918.43,106943246.0,3275653.750000001
2019,MT,17101126.94,142122023.0,5569037.790000001
2019,PA,25692902.5,178376983.0,2604822.1999999997
2019,PB,9910365.61,67986076.0,2442538.39
2019,PE,25592888.87,197853376.0,2487759.74
2019,PI,7231816.88,52780780.0,2604325.0500000007
2019,PR,53538768.133,466377044.0,12951355.61999999
2019,RJ,67648345.75,779927918.0,3685819.98
2019,RN,10500059.0,71336785.0,2680719.010000001
2019,RO,6301258.96,47091334.0,1194324.0
2019,RR,1864179.61,14292227.0,271934.61
2019,RS,52483908.896,482464181.0,19692771.250000037
2019,SC,42662170.45,323263861.0,10687544.85
2019,SE,6485542.829,44689487.0,1145504.6
2019,SP,217288223.33,2348337978.0,22296723.209999997
2019,TO,4594226.08,39355940.0,2890365.900000001
2020,AC,2159719.94,16476370.0,316368.51000000007
2020,AL,7194349.59,63202345.0,1718767.5700000003
2020,AM,10857582.55,116019141.0,749693.6299999999
2020,AP,2037635.89,18469113.0,324543.07
2020,BA,40588635.33,305320810.0,6138327.000000003
2020,CE,21636247.27,166914539.0,2305758.74
2020,DF,11462898.0,265847334.0,87016.16
2020,ES,16189907.84,138445921.0,2148335.26
2020,GO,27890573.177,224126115.0,8325653.849999997
2020,MA,13782795.9,106915959.0,2704322.0300000017
2020,MG,82235234.66,682786125.0,20219937.72
2020,MS,11119570.961,122627728.0,3985848.17
2020,MT,17585277.179899998,178649564.0,7640521.9
2020,PA,27150551.6,215935606.0,3193924.370000001
2020,PB,9893947.68,70292033.0,2608527.4800000004
2020,PE,24492297.08,193307315.0,2513395.58
2020,PI,7220457.6,56391254.0,3024591.269999999
2020,PR,52068125.2261,487930595.0,15517467.939999992
2020,RJ,64756643.66,753823712.0,3720735.98
2020,RN,10143673.0,71577102.0,2868655.099999999
2020,RO,6555335.99,51598745.0,1314692.23
2020,RR,1950609.51,16024274.0,311250.44999999995
2020,RS,50631096.012,470941851.0,20016018.800000004
2020,SC,42681761.84,349275021.0,11920471.27
2020,SE,6312294.409,45409655.0,1216682.47
2020,SP,209610076.92,2377638980.0,24606947.60999999
2020,TO,4611914.18,43649801.0,3553305.6500000004
2021,AC,2135437.95,21374442.0,480844.45
2021,AL,8044726.53,76265620.0,2088906.93
2021,AM,10729320.02,131531039.0,860976.6800000002
2021,AP,2279234.83,20099850.0,339716.49
2021,BA,42675296.86,352617846.0,7139491.230000005
2021,CE,22935609.6,194884807.0,2647466.580000001
2021,DF,11792753.19,286943782.0,92732.27
2021,ES,16765608.1,186336503.0,3018097.039999998
2021,GO,28721307.25,269627879.0,10193076.219999991
2021,MA,14437873.92,124980727.0,3273307.06
2021,MG,85180171.131,857593211.0,26213904.70999997
2021,MS,10996138.209,142203764.0,4491709.879999999
2021,MT,17284121.06,233390206.0,10560950.979999997
2021,PA,29119084.05,262904976.0,4041655.51
2021,PB,10256411.87,77470329.0,2919274.6100000013
2021,PE,25849514.71,220813521.0,2849237.2000000007
2021,PI,7622307.0,64028312.0,3477464.149999998
2021,PR,54680213.805,549973060.0,17189476.479999993
2021,RJ,63729874.49,949300764.0,5106215.12
2021,RN,10652813.0,80180735.0,3323486.0499999984
2021,RO,6476380.05,58170098.0,1664093.5599999996
2021,RR,2146454.58,18202580.0,343933.41000000003
2021,RS,50203741.45,581283683.0,28571474.08000001
2021,SC,44846253.01,428570883.0,14327018.63000002
2021,SE,6545423.24,51861396.0,1405934.5599999998
2021,SP,218236013.2,2719751234.0,27457788.099999998
2021,TO,4640856.47,51780763.0,4584811.469999999
